fly	rat	500	molecular_function	top-1-acc	dsd-knn	0	-1	0.0	0.0
fly	rat	500	molecular_function	top-1-acc	mundo-munk-knn-weight-0.660	0	10	0.025647454374417084	0.0035345395246068373
fly	rat	500	molecular_function	top-1-acc	mundo-munk-knn-weight-0.660	0	20	0.024984135174465075	0.0034694140043300997
fly	rat	500	molecular_function	top-1-acc	mundo-munk-knn-weight-0.660	0	30	0.02893652994167196	0.0033867900804618145
fly	rat	500	molecular_function	top-1-acc	mundo-munk-knn-weight-0.660	0	40	0.030007925137463188	0.004734728201986296
fly	rat	500	molecular_function	top-1-acc	mundo-munk-knn-weight-0.660	0	50	0.0434839250694032	0.002809372535154368
fly	rat	500	molecular_function	top-1-acc	mundo-munk-knn-weight-0.660	0	100	0.08807548132953433	0.005306625495356335
fly	rat	500	molecular_function	top-1-acc	dsd-knn	10	-1	0.023025074929157292	0.008309163089848814
fly	rat	500	molecular_function	top-1-acc	mundo-munk-knn-weight-0.660	10	10	0.030008749098692267	0.003797444780155373
fly	rat	500	molecular_function	top-1-acc	mundo-munk-knn-weight-0.660	10	20	0.030009513507010734	0.0019548651432520947
fly	rat	500	molecular_function	top-1-acc	mundo-munk-knn-weight-0.660	10	30	0.033535898704603676	0.005165360221346939
fly	rat	500	molecular_function	top-1-acc	mundo-munk-knn-weight-0.660	10	40	0.03395341894751795	0.0050285585503974245
fly	rat	500	molecular_function	top-1-acc	mundo-munk-knn-weight-0.660	10	50	0.04567064763802738	0.004323974657940888
fly	rat	500	molecular_function	top-1-acc	mundo-munk-knn-weight-0.660	10	100	0.08763214783323922	0.00557593197009617
fly	rat	500	molecular_function	top-1-acc	dsd-knn	20	-1	0.03559638511016497	0.019228143010079624
fly	rat	500	molecular_function	top-1-acc	mundo-munk-knn-weight-0.660	20	10	0.04147360775720983	0.014435519707479944
fly	rat	500	molecular_function	top-1-acc	mundo-munk-knn-weight-0.660	20	20	0.04167314331071306	0.015295598131478197
fly	rat	500	molecular_function	top-1-acc	mundo-munk-knn-weight-0.660	20	30	0.03718065329506631	0.007076796297022194
fly	rat	500	molecular_function	top-1-acc	mundo-munk-knn-weight-0.660	20	40	0.03395949206832369	0.00550469703706176
fly	rat	500	molecular_function	top-1-acc	mundo-munk-knn-weight-0.660	20	50	0.043962235708769754	0.006919020581321251
fly	rat	500	molecular_function	top-1-acc	mundo-munk-knn-weight-0.660	20	100	0.08698489864230072	0.006757429490969563
fly	rat	500	molecular_function	aupr	dsd-knn	0	-1	0.0	0.0
fly	rat	500	molecular_function	aupr	mundo-munk-knn-weight-0.660	0	10	0.03632228328273981	0.0021593673400059424
fly	rat	500	molecular_function	aupr	mundo-munk-knn-weight-0.660	0	20	0.04492674531301751	0.0027604628637266124
fly	rat	500	molecular_function	aupr	mundo-munk-knn-weight-0.660	0	30	0.05793432989124249	0.0035623074908634083
fly	rat	500	molecular_function	aupr	mundo-munk-knn-weight-0.660	0	40	0.06564746117206212	0.0039408686208590215
fly	rat	500	molecular_function	aupr	mundo-munk-knn-weight-0.660	0	50	0.07683541119233842	0.004434730636131206
fly	rat	500	molecular_function	aupr	mundo-munk-knn-weight-0.660	0	100	0.10543780333032823	0.004709440805400039
fly	rat	500	molecular_function	aupr	dsd-knn	10	-1	0.03453115779454977	0.0065714177707074046
fly	rat	500	molecular_function	aupr	mundo-munk-knn-weight-0.660	10	10	0.049466268648370046	0.0040438674621091
fly	rat	500	molecular_function	aupr	mundo-munk-knn-weight-0.660	10	20	0.05571886638898327	0.004155667903477729
fly	rat	500	molecular_function	aupr	mundo-munk-knn-weight-0.660	10	30	0.06691649096184485	0.005166139814043309
fly	rat	500	molecular_function	aupr	mundo-munk-knn-weight-0.660	10	40	0.07431447647846254	0.005307309258641773
fly	rat	500	molecular_function	aupr	mundo-munk-knn-weight-0.660	10	50	0.08439806350841605	0.005717772156706998
fly	rat	500	molecular_function	aupr	mundo-munk-knn-weight-0.660	10	100	0.10896802801815679	0.003962368110917239
fly	rat	500	molecular_function	aupr	dsd-knn	20	-1	0.04827558772346828	0.011482263985889122
fly	rat	500	molecular_function	aupr	mundo-munk-knn-weight-0.660	20	10	0.06014324531736841	0.00950483699161871
fly	rat	500	molecular_function	aupr	mundo-munk-knn-weight-0.660	20	20	0.06602826576704529	0.008732235537699936
fly	rat	500	molecular_function	aupr	mundo-munk-knn-weight-0.660	20	30	0.07319412436333525	0.006644529639290277
fly	rat	500	molecular_function	aupr	mundo-munk-knn-weight-0.660	20	40	0.07903921280948727	0.00550172928611999
fly	rat	500	molecular_function	aupr	mundo-munk-knn-weight-0.660	20	50	0.08861686024181156	0.006622865004522473
fly	rat	500	molecular_function	aupr	mundo-munk-knn-weight-0.660	20	100	0.11181997189524187	0.0043862568897794435
fly	rat	500	molecular_function	auc	dsd-knn	0	-1	0.0	0.0
fly	rat	500	molecular_function	auc	mundo-munk-knn-weight-0.660	0	10	0.5481538124107497	0.002311395344594818
fly	rat	500	molecular_function	auc	mundo-munk-knn-weight-0.660	0	20	0.5675232278560223	0.004528714916154736
fly	rat	500	molecular_function	auc	mundo-munk-knn-weight-0.660	0	30	0.592865282742743	0.004646058752218102
fly	rat	500	molecular_function	auc	mundo-munk-knn-weight-0.660	0	40	0.6066751144422373	0.00330816073435278
fly	rat	500	molecular_function	auc	mundo-munk-knn-weight-0.660	0	50	0.6263719191894522	0.0046853475037636
fly	rat	500	molecular_function	auc	mundo-munk-knn-weight-0.660	0	100	0.6692058108987322	0.006092200206841856
fly	rat	500	molecular_function	auc	dsd-knn	10	-1	0.5443056786330731	0.009891759326192389
fly	rat	500	molecular_function	auc	mundo-munk-knn-weight-0.660	10	10	0.5930426309729374	0.010924227853174628
fly	rat	500	molecular_function	auc	mundo-munk-knn-weight-0.660	10	20	0.6078000598753874	0.0110743766106436
fly	rat	500	molecular_function	auc	mundo-munk-knn-weight-0.660	10	30	0.6305723380643546	0.010784387005023578
fly	rat	500	molecular_function	auc	mundo-munk-knn-weight-0.660	10	40	0.6413798446999597	0.009456060026278247
fly	rat	500	molecular_function	auc	mundo-munk-knn-weight-0.660	10	50	0.6541555233413089	0.01274756364504996
fly	rat	500	molecular_function	auc	mundo-munk-knn-weight-0.660	10	100	0.6902355339638898	0.01270025399082702
fly	rat	500	molecular_function	auc	dsd-knn	20	-1	0.5767148912037483	0.013422612218800714
fly	rat	500	molecular_function	auc	mundo-munk-knn-weight-0.660	20	10	0.6223720775284628	0.01522772323501073
fly	rat	500	molecular_function	auc	mundo-munk-knn-weight-0.660	20	20	0.6350638037965162	0.016058936829016785
fly	rat	500	molecular_function	auc	mundo-munk-knn-weight-0.660	20	30	0.6568078545520629	0.015796537673106237
fly	rat	500	molecular_function	auc	mundo-munk-knn-weight-0.660	20	40	0.6647968998331089	0.014931080701237474
fly	rat	500	molecular_function	auc	mundo-munk-knn-weight-0.660	20	50	0.6719143683562538	0.01703636623610256
fly	rat	500	molecular_function	auc	mundo-munk-knn-weight-0.660	20	100	0.7034190342417128	0.01695888339920706
fly	rat	500	molecular_function	f1max	dsd-knn	0	-1	0.0	0.0
fly	rat	500	molecular_function	f1max	mundo-munk-knn-weight-0.660	0	10	0.053794863595295825	0.0023694723882713787
fly	rat	500	molecular_function	f1max	mundo-munk-knn-weight-0.660	0	20	0.06879821078338202	0.0043741135751667656
fly	rat	500	molecular_function	f1max	mundo-munk-knn-weight-0.660	0	30	0.08957817035939061	0.005038860258294345
fly	rat	500	molecular_function	f1max	mundo-munk-knn-weight-0.660	0	40	0.10422644309657816	0.005284073826385937
fly	rat	500	molecular_function	f1max	mundo-munk-knn-weight-0.660	0	50	0.11804484098532186	0.005318250771977621
fly	rat	500	molecular_function	f1max	mundo-munk-knn-weight-0.660	0	100	0.15175149052314946	0.005064929652021399
fly	rat	500	molecular_function	f1max	dsd-knn	10	-1	0.05544283702855446	0.008972026329499797
fly	rat	500	molecular_function	f1max	mundo-munk-knn-weight-0.660	10	10	0.08160343570378345	0.007200218698489891
fly	rat	500	molecular_function	f1max	mundo-munk-knn-weight-0.660	10	20	0.09140401463051677	0.007569382004874787
fly	rat	500	molecular_function	f1max	mundo-munk-knn-weight-0.660	10	30	0.10891708789174195	0.006995429546325808
fly	rat	500	molecular_function	f1max	mundo-munk-knn-weight-0.660	10	40	0.12223921329911294	0.006842342754838122
fly	rat	500	molecular_function	f1max	mundo-munk-knn-weight-0.660	10	50	0.13409792637478662	0.007387441476499049
fly	rat	500	molecular_function	f1max	mundo-munk-knn-weight-0.660	10	100	0.16008315740334436	0.005458296909759123
fly	rat	500	molecular_function	f1max	dsd-knn	20	-1	0.07780506127498915	0.013077122790945939
fly	rat	500	molecular_function	f1max	mundo-munk-knn-weight-0.660	20	10	0.09813576727870063	0.011959702995528926
fly	rat	500	molecular_function	f1max	mundo-munk-knn-weight-0.660	20	20	0.10707348078795405	0.011247359180848316
fly	rat	500	molecular_function	f1max	mundo-munk-knn-weight-0.660	20	30	0.1209506536173138	0.008846384872894634
fly	rat	500	molecular_function	f1max	mundo-munk-knn-weight-0.660	20	40	0.13262725174742035	0.007481699120083983
fly	rat	500	molecular_function	f1max	mundo-munk-knn-weight-0.660	20	50	0.14414372536896583	0.008665565818175135
fly	rat	500	molecular_function	f1max	mundo-munk-knn-weight-0.660	20	100	0.16662257831827723	0.006235111474819393
fly	rat	500	biological_process	top-1-acc	dsd-knn	0	-1	0.0	0.0
fly	rat	500	biological_process	top-1-acc	mundo-munk-knn-weight-0.660	0	10	0.004727385807180604	0.001203486671184305
fly	rat	500	biological_process	top-1-acc	mundo-munk-knn-weight-0.660	0	20	0.007330425723004056	0.0022676021567762977
fly	rat	500	biological_process	top-1-acc	mundo-munk-knn-weight-0.660	0	30	0.00887422625351487	0.0016583292594385599
fly	rat	500	biological_process	top-1-acc	mundo-munk-knn-weight-0.660	0	40	0.010085715137695548	0.002000101344244449
fly	rat	500	biological_process	top-1-acc	mundo-munk-knn-weight-0.660	0	50	0.008562269390084563	0.0011918204351037151
fly	rat	500	biological_process	top-1-acc	mundo-munk-knn-weight-0.660	0	100	0.008703256531279388	0.0017162635613197745
fly	rat	500	biological_process	top-1-acc	dsd-knn	10	-1	0.02694307196144998	0.007402105590858751
fly	rat	500	biological_process	top-1-acc	mundo-munk-knn-weight-0.660	10	10	0.022194700946754707	0.007449443356387507
fly	rat	500	biological_process	top-1-acc	mundo-munk-knn-weight-0.660	10	20	0.024768541092545067	0.007316873459345875
fly	rat	500	biological_process	top-1-acc	mundo-munk-knn-weight-0.660	10	30	0.03253281118311917	0.009294700219759512
fly	rat	500	biological_process	top-1-acc	mundo-munk-knn-weight-0.660	10	40	0.023844819656786097	0.005254647762929434
fly	rat	500	biological_process	top-1-acc	mundo-munk-knn-weight-0.660	10	50	0.020494887009201285	0.003220524914289009
fly	rat	500	biological_process	top-1-acc	mundo-munk-knn-weight-0.660	10	100	0.01007333204329077	0.0012720898949454477
fly	rat	500	biological_process	top-1-acc	dsd-knn	20	-1	0.05709716101616087	0.023093144455546624
fly	rat	500	biological_process	top-1-acc	mundo-munk-knn-weight-0.660	20	10	0.05481046736645149	0.019666866330193235
fly	rat	500	biological_process	top-1-acc	mundo-munk-knn-weight-0.660	20	20	0.05585858595093771	0.01949109423326723
fly	rat	500	biological_process	top-1-acc	mundo-munk-knn-weight-0.660	20	30	0.06577146930455637	0.01542565560771255
fly	rat	500	biological_process	top-1-acc	mundo-munk-knn-weight-0.660	20	40	0.053524706008123965	0.010642487433093059
fly	rat	500	biological_process	top-1-acc	mundo-munk-knn-weight-0.660	20	50	0.03686234019747086	0.005529305644512918
fly	rat	500	biological_process	top-1-acc	mundo-munk-knn-weight-0.660	20	100	0.014219373940867443	0.003203627625971565
fly	rat	500	biological_process	aupr	dsd-knn	0	-1	0.0	0.0
fly	rat	500	biological_process	aupr	mundo-munk-knn-weight-0.660	0	10	0.005854854684514224	0.00035280606333061267
fly	rat	500	biological_process	aupr	mundo-munk-knn-weight-0.660	0	20	0.008346766797893226	0.0010083080492005005
fly	rat	500	biological_process	aupr	mundo-munk-knn-weight-0.660	0	30	0.013203768213087396	0.0009298211471704454
fly	rat	500	biological_process	aupr	mundo-munk-knn-weight-0.660	0	40	0.013418591828536029	0.0008199216129234208
fly	rat	500	biological_process	aupr	mundo-munk-knn-weight-0.660	0	50	0.013039204644244939	0.000928931117978269
fly	rat	500	biological_process	aupr	mundo-munk-knn-weight-0.660	0	100	0.015674948319491386	0.0005046808817309709
fly	rat	500	biological_process	aupr	dsd-knn	10	-1	0.02118049048736099	0.004311627774607432
fly	rat	500	biological_process	aupr	mundo-munk-knn-weight-0.660	10	10	0.023710495049189855	0.004053883771372014
fly	rat	500	biological_process	aupr	mundo-munk-knn-weight-0.660	10	20	0.025467268049524077	0.0046323030504532995
fly	rat	500	biological_process	aupr	mundo-munk-knn-weight-0.660	10	30	0.03235339704840457	0.004058833769294573
fly	rat	500	biological_process	aupr	mundo-munk-knn-weight-0.660	10	40	0.028178603658329877	0.00414400422909402
fly	rat	500	biological_process	aupr	mundo-munk-knn-weight-0.660	10	50	0.025371509830048662	0.0043470325478968085
fly	rat	500	biological_process	aupr	mundo-munk-knn-weight-0.660	10	100	0.020085378989486202	0.0013335327607934986
fly	rat	500	biological_process	aupr	dsd-knn	20	-1	0.0389203213836849	0.010176430737266677
fly	rat	500	biological_process	aupr	mundo-munk-knn-weight-0.660	20	10	0.04370151054342637	0.00999184675628733
fly	rat	500	biological_process	aupr	mundo-munk-knn-weight-0.660	20	20	0.04494271151197621	0.009998112070730331
fly	rat	500	biological_process	aupr	mundo-munk-knn-weight-0.660	20	30	0.05163058008867023	0.008998154579032521
fly	rat	500	biological_process	aupr	mundo-munk-knn-weight-0.660	20	40	0.046825236212003137	0.00825804330961208
fly	rat	500	biological_process	aupr	mundo-munk-knn-weight-0.660	20	50	0.04029463458272403	0.007301749645341433
fly	rat	500	biological_process	aupr	mundo-munk-knn-weight-0.660	20	100	0.02484094715417573	0.001912511673184451
fly	rat	500	biological_process	auc	dsd-knn	0	-1	0.0	0.0
fly	rat	500	biological_process	auc	mundo-munk-knn-weight-0.660	0	10	0.5306208584144876	0.00408697882784786
fly	rat	500	biological_process	auc	mundo-munk-knn-weight-0.660	0	20	0.542418510270498	0.0036890873660463787
fly	rat	500	biological_process	auc	mundo-munk-knn-weight-0.660	0	30	0.5686293739937702	0.004588855820559012
fly	rat	500	biological_process	auc	mundo-munk-knn-weight-0.660	0	40	0.5767193016193397	0.003827630738947042
fly	rat	500	biological_process	auc	mundo-munk-knn-weight-0.660	0	50	0.5889191015714578	0.00416562759583118
fly	rat	500	biological_process	auc	mundo-munk-knn-weight-0.660	0	100	0.6201839991588916	0.005180447307687735
fly	rat	500	biological_process	auc	dsd-knn	10	-1	0.5361174498549379	0.0016585780100107877
fly	rat	500	biological_process	auc	mundo-munk-knn-weight-0.660	10	10	0.562517195757461	0.0059575951885087785
fly	rat	500	biological_process	auc	mundo-munk-knn-weight-0.660	10	20	0.5691218979134567	0.005445208553420538
fly	rat	500	biological_process	auc	mundo-munk-knn-weight-0.660	10	30	0.5811541463257631	0.004933810115909638
fly	rat	500	biological_process	auc	mundo-munk-knn-weight-0.660	10	40	0.5875975632049159	0.004081835370033336
fly	rat	500	biological_process	auc	mundo-munk-knn-weight-0.660	10	50	0.5984379790430954	0.0035543875198405703
fly	rat	500	biological_process	auc	mundo-munk-knn-weight-0.660	10	100	0.6268148715847908	0.004364313401412329
fly	rat	500	biological_process	auc	dsd-knn	20	-1	0.5580951960931524	0.00388410861583422
fly	rat	500	biological_process	auc	mundo-munk-knn-weight-0.660	20	10	0.5781163879157023	0.005374649290772034
fly	rat	500	biological_process	auc	mundo-munk-knn-weight-0.660	20	20	0.5832657294798728	0.005744273200870752
fly	rat	500	biological_process	auc	mundo-munk-knn-weight-0.660	20	30	0.590301272566643	0.006162687600834061
fly	rat	500	biological_process	auc	mundo-munk-knn-weight-0.660	20	40	0.5960476004600939	0.005546089105112764
fly	rat	500	biological_process	auc	mundo-munk-knn-weight-0.660	20	50	0.6058219564776488	0.004786442814154403
fly	rat	500	biological_process	auc	mundo-munk-knn-weight-0.660	20	100	0.6323127283840957	0.0053748088472552885
fly	rat	500	biological_process	f1max	dsd-knn	0	-1	0.0	0.0
fly	rat	500	biological_process	f1max	mundo-munk-knn-weight-0.660	0	10	0.01848090799060795	0.0008555186221342685
fly	rat	500	biological_process	f1max	mundo-munk-knn-weight-0.660	0	20	0.023348915633267128	0.001226687759628525
fly	rat	500	biological_process	f1max	mundo-munk-knn-weight-0.660	0	30	0.033006659440620555	0.0012826282941563693
fly	rat	500	biological_process	f1max	mundo-munk-knn-weight-0.660	0	40	0.03411102994158041	0.001131801819035206
fly	rat	500	biological_process	f1max	mundo-munk-knn-weight-0.660	0	50	0.03538665228013588	0.001461235750844176
fly	rat	500	biological_process	f1max	mundo-munk-knn-weight-0.660	0	100	0.0421427453615371	0.0010286730882296373
fly	rat	500	biological_process	f1max	dsd-knn	10	-1	0.03950829919051965	0.004301653511543987
fly	rat	500	biological_process	f1max	mundo-munk-knn-weight-0.660	10	10	0.046679417904049635	0.0045737710490244285
fly	rat	500	biological_process	f1max	mundo-munk-knn-weight-0.660	10	20	0.04993655413756145	0.005137918180714351
fly	rat	500	biological_process	f1max	mundo-munk-knn-weight-0.660	10	30	0.060491913724371	0.004122543385814601
fly	rat	500	biological_process	f1max	mundo-munk-knn-weight-0.660	10	40	0.056531250710051106	0.0044632015019504786
fly	rat	500	biological_process	f1max	mundo-munk-knn-weight-0.660	10	50	0.05359101345614119	0.005541468593464241
fly	rat	500	biological_process	f1max	mundo-munk-knn-weight-0.660	10	100	0.049621983080430455	0.002105288617129619
fly	rat	500	biological_process	f1max	dsd-knn	20	-1	0.06280509251443533	0.009681031875453203
fly	rat	500	biological_process	f1max	mundo-munk-knn-weight-0.660	20	10	0.07110414913390112	0.009938816944347994
fly	rat	500	biological_process	f1max	mundo-munk-knn-weight-0.660	20	20	0.07348398547278166	0.009882991365982613
fly	rat	500	biological_process	f1max	mundo-munk-knn-weight-0.660	20	30	0.08177623295860445	0.008125028860074096
fly	rat	500	biological_process	f1max	mundo-munk-knn-weight-0.660	20	40	0.07782248836243055	0.008027612326824866
fly	rat	500	biological_process	f1max	mundo-munk-knn-weight-0.660	20	50	0.07280980739357744	0.0086942250498394
fly	rat	500	biological_process	f1max	mundo-munk-knn-weight-0.660	20	100	0.057068890214818556	0.0028956578991593982
fly	rat	500	cellular_component	top-1-acc	dsd-knn	0	-1	0.0	0.0
fly	rat	500	cellular_component	top-1-acc	mundo-munk-knn-weight-0.660	0	10	0.42909953698183845	0.012083450362126734
fly	rat	500	cellular_component	top-1-acc	mundo-munk-knn-weight-0.660	0	20	0.45459627565624866	0.010585696608643651
fly	rat	500	cellular_component	top-1-acc	mundo-munk-knn-weight-0.660	0	30	0.4561290410314534	0.010070953205141061
fly	rat	500	cellular_component	top-1-acc	mundo-munk-knn-weight-0.660	0	40	0.4567573694592141	0.010154449163588425
fly	rat	500	cellular_component	top-1-acc	mundo-munk-knn-weight-0.660	0	50	0.46229354462920796	0.010453784999092336
fly	rat	500	cellular_component	top-1-acc	mundo-munk-knn-weight-0.660	0	100	0.46184686665634284	0.010201384655918399
fly	rat	500	cellular_component	top-1-acc	dsd-knn	10	-1	0.3594526910372616	0.06445115524035548
fly	rat	500	cellular_component	top-1-acc	mundo-munk-knn-weight-0.660	10	10	0.45244223050719573	0.01415928270208519
fly	rat	500	cellular_component	top-1-acc	mundo-munk-knn-weight-0.660	10	20	0.45945500775945847	0.010896521393772585
fly	rat	500	cellular_component	top-1-acc	mundo-munk-knn-weight-0.660	10	30	0.4614253703444356	0.010420751005583153
fly	rat	500	cellular_component	top-1-acc	mundo-munk-knn-weight-0.660	10	40	0.4625050426651808	0.010150434150408864
fly	rat	500	cellular_component	top-1-acc	mundo-munk-knn-weight-0.660	10	50	0.46296002132626973	0.010228078653595384
fly	rat	500	cellular_component	top-1-acc	mundo-munk-knn-weight-0.660	10	100	0.4631707694822234	0.010120053283844601
fly	rat	500	cellular_component	top-1-acc	dsd-knn	20	-1	0.4558233427849371	0.013550838907226167
fly	rat	500	cellular_component	top-1-acc	mundo-munk-knn-weight-0.660	20	10	0.46253310921422386	0.011219923609170537
fly	rat	500	cellular_component	top-1-acc	mundo-munk-knn-weight-0.660	20	20	0.4633939837679376	0.01005582097390403
fly	rat	500	cellular_component	top-1-acc	mundo-munk-knn-weight-0.660	20	30	0.4633939837679376	0.01005582097390403
fly	rat	500	cellular_component	top-1-acc	mundo-munk-knn-weight-0.660	20	40	0.4633939837679376	0.01005582097390403
fly	rat	500	cellular_component	top-1-acc	mundo-munk-knn-weight-0.660	20	50	0.4633939837679376	0.01005582097390403
fly	rat	500	cellular_component	top-1-acc	mundo-munk-knn-weight-0.660	20	100	0.4633939837679376	0.01005582097390403
fly	rat	500	cellular_component	aupr	dsd-knn	0	-1	0.0	0.0
fly	rat	500	cellular_component	aupr	mundo-munk-knn-weight-0.660	0	10	0.4187948677190274	0.013410237068772616
fly	rat	500	cellular_component	aupr	mundo-munk-knn-weight-0.660	0	20	0.43891156536605563	0.012483320044915099
fly	rat	500	cellular_component	aupr	mundo-munk-knn-weight-0.660	0	30	0.4511101968231652	0.011339966594361607
fly	rat	500	cellular_component	aupr	mundo-munk-knn-weight-0.660	0	40	0.45684697613403974	0.010278011803164478
fly	rat	500	cellular_component	aupr	mundo-munk-knn-weight-0.660	0	50	0.46171554249521585	0.009589029312089012
fly	rat	500	cellular_component	aupr	mundo-munk-knn-weight-0.660	0	100	0.47491981362181157	0.010016250176325757
fly	rat	500	cellular_component	aupr	dsd-knn	10	-1	0.3327538632006704	0.047070146107104194
fly	rat	500	cellular_component	aupr	mundo-munk-knn-weight-0.660	10	10	0.4267035904852725	0.013187299428631165
fly	rat	500	cellular_component	aupr	mundo-munk-knn-weight-0.660	10	20	0.4412703202268018	0.012717752586237741
fly	rat	500	cellular_component	aupr	mundo-munk-knn-weight-0.660	10	30	0.4537395128362557	0.011207512693239958
fly	rat	500	cellular_component	aupr	mundo-munk-knn-weight-0.660	10	40	0.45956323944665767	0.010815873007108952
fly	rat	500	cellular_component	aupr	mundo-munk-knn-weight-0.660	10	50	0.46217437871648637	0.009740819116581662
fly	rat	500	cellular_component	aupr	mundo-munk-knn-weight-0.660	10	100	0.47531564516404473	0.010089737660286004
fly	rat	500	cellular_component	aupr	dsd-knn	20	-1	0.39837115844897886	0.01383986901289137
fly	rat	500	cellular_component	aupr	mundo-munk-knn-weight-0.660	20	10	0.4281110882031802	0.011458520270727824
fly	rat	500	cellular_component	aupr	mundo-munk-knn-weight-0.660	20	20	0.4416534325153962	0.012005284414647195
fly	rat	500	cellular_component	aupr	mundo-munk-knn-weight-0.660	20	30	0.45480595453261363	0.011017781928971888
fly	rat	500	cellular_component	aupr	mundo-munk-knn-weight-0.660	20	40	0.45980103092893965	0.01052020778689433
fly	rat	500	cellular_component	aupr	mundo-munk-knn-weight-0.660	20	50	0.46216924910109825	0.009532810652381776
fly	rat	500	cellular_component	aupr	mundo-munk-knn-weight-0.660	20	100	0.4752601477225456	0.010185284305474876
fly	rat	500	cellular_component	auc	dsd-knn	0	-1	0.0	0.0
fly	rat	500	cellular_component	auc	mundo-munk-knn-weight-0.660	0	10	0.7774365725375582	0.007973220001154246
fly	rat	500	cellular_component	auc	mundo-munk-knn-weight-0.660	0	20	0.8081103545666348	0.006078749679793356
fly	rat	500	cellular_component	auc	mundo-munk-knn-weight-0.660	0	30	0.8249679241685826	0.00644641484717408
fly	rat	500	cellular_component	auc	mundo-munk-knn-weight-0.660	0	40	0.8327904107217489	0.00662843790793809
fly	rat	500	cellular_component	auc	mundo-munk-knn-weight-0.660	0	50	0.8403695044005255	0.005926396841377344
fly	rat	500	cellular_component	auc	mundo-munk-knn-weight-0.660	0	100	0.8649638962679159	0.0067065723871068544
fly	rat	500	cellular_component	auc	dsd-knn	10	-1	0.680604727093615	0.017706868139168604
fly	rat	500	cellular_component	auc	mundo-munk-knn-weight-0.660	10	10	0.7853022297403267	0.005930741707854509
fly	rat	500	cellular_component	auc	mundo-munk-knn-weight-0.660	10	20	0.8103197704933836	0.005458459706702112
fly	rat	500	cellular_component	auc	mundo-munk-knn-weight-0.660	10	30	0.8259623453152111	0.005838203473388778
fly	rat	500	cellular_component	auc	mundo-munk-knn-weight-0.660	10	40	0.8334969227074385	0.006102579612628256
fly	rat	500	cellular_component	auc	mundo-munk-knn-weight-0.660	10	50	0.841029768562455	0.005429180114671856
fly	rat	500	cellular_component	auc	mundo-munk-knn-weight-0.660	10	100	0.8654818126264805	0.006213118152783778
fly	rat	500	cellular_component	auc	dsd-knn	20	-1	0.707153685715447	0.0078421343292292
fly	rat	500	cellular_component	auc	mundo-munk-knn-weight-0.660	20	10	0.7902421168797816	0.006619272445226057
fly	rat	500	cellular_component	auc	mundo-munk-knn-weight-0.660	20	20	0.8146848212712389	0.006110476434646505
fly	rat	500	cellular_component	auc	mundo-munk-knn-weight-0.660	20	30	0.83007843644037	0.006532768797241182
fly	rat	500	cellular_component	auc	mundo-munk-knn-weight-0.660	20	40	0.837462060048445	0.006890408294990106
fly	rat	500	cellular_component	auc	mundo-munk-knn-weight-0.660	20	50	0.8447290680025012	0.006660194279668183
fly	rat	500	cellular_component	auc	mundo-munk-knn-weight-0.660	20	100	0.8673267997137403	0.0069589721155280514
fly	rat	500	cellular_component	f1max	dsd-knn	0	-1	0.0	0.0
fly	rat	500	cellular_component	f1max	mundo-munk-knn-weight-0.660	0	10	0.4699515424353956	0.012895447810505178
fly	rat	500	cellular_component	f1max	mundo-munk-knn-weight-0.660	0	20	0.49089819005779844	0.011478978517496958
fly	rat	500	cellular_component	f1max	mundo-munk-knn-weight-0.660	0	30	0.5078030381303307	0.010537410806502973
fly	rat	500	cellular_component	f1max	mundo-munk-knn-weight-0.660	0	40	0.5155907329598944	0.009956398103761518
fly	rat	500	cellular_component	f1max	mundo-munk-knn-weight-0.660	0	50	0.5210202963780345	0.009119335040712995
fly	rat	500	cellular_component	f1max	mundo-munk-knn-weight-0.660	0	100	0.5381657917322056	0.010045850522840344
fly	rat	500	cellular_component	f1max	dsd-knn	10	-1	0.36449658951450564	0.04344272096255852
fly	rat	500	cellular_component	f1max	mundo-munk-knn-weight-0.660	10	10	0.4739493772587034	0.012232635702625881
fly	rat	500	cellular_component	f1max	mundo-munk-knn-weight-0.660	10	20	0.49217506981864584	0.012015169507160962
fly	rat	500	cellular_component	f1max	mundo-munk-knn-weight-0.660	10	30	0.5097753878220288	0.010523683982480325
fly	rat	500	cellular_component	f1max	mundo-munk-knn-weight-0.660	10	40	0.517499428657954	0.010566730306238236
fly	rat	500	cellular_component	f1max	mundo-munk-knn-weight-0.660	10	50	0.5213392056584993	0.009438069048744113
fly	rat	500	cellular_component	f1max	mundo-munk-knn-weight-0.660	10	100	0.538232679786416	0.01020014990991939
fly	rat	500	cellular_component	f1max	dsd-knn	20	-1	0.42605119494775784	0.013513806437879387
fly	rat	500	cellular_component	f1max	mundo-munk-knn-weight-0.660	20	10	0.47208086249245385	0.010627305031920994
fly	rat	500	cellular_component	f1max	mundo-munk-knn-weight-0.660	20	20	0.49128529962839307	0.011069351409134471
fly	rat	500	cellular_component	f1max	mundo-munk-knn-weight-0.660	20	30	0.5104938325978476	0.010330642977100922
fly	rat	500	cellular_component	f1max	mundo-munk-knn-weight-0.660	20	40	0.517485996340082	0.010020505884298411
fly	rat	500	cellular_component	f1max	mundo-munk-knn-weight-0.660	20	50	0.5212718144241187	0.009136655414191798
fly	rat	500	cellular_component	f1max	mundo-munk-knn-weight-0.660	20	100	0.5381337063061854	0.010258754268469955
mouse	rat	500	molecular_function	top-1-acc	dsd-knn	0	-1	0.0	0.0
mouse	rat	500	molecular_function	top-1-acc	mundo-munk-knn-weight-0.660	0	10	0.027769738902231084	0.002992382906607815
mouse	rat	500	molecular_function	top-1-acc	mundo-munk-knn-weight-0.660	0	20	0.03795750363173787	0.0048949090813486616
mouse	rat	500	molecular_function	top-1-acc	mundo-munk-knn-weight-0.660	0	30	0.056262925767294095	0.005543084517021266
mouse	rat	500	molecular_function	top-1-acc	mundo-munk-knn-weight-0.660	0	40	0.08235481801175257	0.007226797184280003
mouse	rat	500	molecular_function	top-1-acc	mundo-munk-knn-weight-0.660	0	50	0.13935321287670469	0.011806787383334565
mouse	rat	500	molecular_function	top-1-acc	mundo-munk-knn-weight-0.660	0	100	0.1690300963926956	0.004252963522175376
mouse	rat	500	molecular_function	top-1-acc	dsd-knn	10	-1	0.05862717048636183	0.005003363354127933
mouse	rat	500	molecular_function	top-1-acc	mundo-munk-knn-weight-0.660	10	10	0.06813718676638178	0.0071737058067928156
mouse	rat	500	molecular_function	top-1-acc	mundo-munk-knn-weight-0.660	10	20	0.0766860083465469	0.007623017991455146
mouse	rat	500	molecular_function	top-1-acc	mundo-munk-knn-weight-0.660	10	30	0.0925916286805046	0.00972406115709196
mouse	rat	500	molecular_function	top-1-acc	mundo-munk-knn-weight-0.660	10	40	0.10748864142984804	0.006437335388742309
mouse	rat	500	molecular_function	top-1-acc	mundo-munk-knn-weight-0.660	10	50	0.1376229414740062	0.00957547852981431
mouse	rat	500	molecular_function	top-1-acc	mundo-munk-knn-weight-0.660	10	100	0.16687502010326416	0.005037830512905234
mouse	rat	500	molecular_function	top-1-acc	dsd-knn	20	-1	0.08499219342755746	0.006394739590799183
mouse	rat	500	molecular_function	top-1-acc	mundo-munk-knn-weight-0.660	20	10	0.09357108331563999	0.005188553591897703
mouse	rat	500	molecular_function	top-1-acc	mundo-munk-knn-weight-0.660	20	20	0.09847875294633508	0.0059965249204711945
mouse	rat	500	molecular_function	top-1-acc	mundo-munk-knn-weight-0.660	20	30	0.11131816604199182	0.00722167571097387
mouse	rat	500	molecular_function	top-1-acc	mundo-munk-knn-weight-0.660	20	40	0.11765199311603021	0.005225144368418014
mouse	rat	500	molecular_function	top-1-acc	mundo-munk-knn-weight-0.660	20	50	0.1402493645146044	0.008173126988666497
mouse	rat	500	molecular_function	top-1-acc	mundo-munk-knn-weight-0.660	20	100	0.16639738970597368	0.005868785391373495
mouse	rat	500	molecular_function	aupr	dsd-knn	0	-1	0.0	0.0
mouse	rat	500	molecular_function	aupr	mundo-munk-knn-weight-0.660	0	10	0.022813138349450528	0.0012370519393327662
mouse	rat	500	molecular_function	aupr	mundo-munk-knn-weight-0.660	0	20	0.03429790828473276	0.002254507687462297
mouse	rat	500	molecular_function	aupr	mundo-munk-knn-weight-0.660	0	30	0.0498931026116949	0.0039384358031607615
mouse	rat	500	molecular_function	aupr	mundo-munk-knn-weight-0.660	0	40	0.06771142383356252	0.005070558513376607
mouse	rat	500	molecular_function	aupr	mundo-munk-knn-weight-0.660	0	50	0.1006087653236853	0.007271218261113933
mouse	rat	500	molecular_function	aupr	mundo-munk-knn-weight-0.660	0	100	0.14658532178178588	0.004657037275822779
mouse	rat	500	molecular_function	aupr	dsd-knn	10	-1	0.04886102205043739	0.0030946312821072504
mouse	rat	500	molecular_function	aupr	mundo-munk-knn-weight-0.660	10	10	0.05739048245503141	0.0036321738044971727
mouse	rat	500	molecular_function	aupr	mundo-munk-knn-weight-0.660	10	20	0.0649778283181243	0.004119022274225766
mouse	rat	500	molecular_function	aupr	mundo-munk-knn-weight-0.660	10	30	0.0752657611865286	0.005366067300332303
mouse	rat	500	molecular_function	aupr	mundo-munk-knn-weight-0.660	10	40	0.08565157966880198	0.00613654602932525
mouse	rat	500	molecular_function	aupr	mundo-munk-knn-weight-0.660	10	50	0.10847136645951413	0.006873696192677257
mouse	rat	500	molecular_function	aupr	mundo-munk-knn-weight-0.660	10	100	0.14895844563386046	0.005199671343461655
mouse	rat	500	molecular_function	aupr	dsd-knn	20	-1	0.07227599308737856	0.0034316942877819926
mouse	rat	500	molecular_function	aupr	mundo-munk-knn-weight-0.660	20	10	0.07829571437434275	0.0030103400974719786
mouse	rat	500	molecular_function	aupr	mundo-munk-knn-weight-0.660	20	20	0.08381201113613772	0.004264557508883871
mouse	rat	500	molecular_function	aupr	mundo-munk-knn-weight-0.660	20	30	0.09237418534868427	0.0038662038507573412
mouse	rat	500	molecular_function	aupr	mundo-munk-knn-weight-0.660	20	40	0.09980190668568469	0.005703364968382971
mouse	rat	500	molecular_function	aupr	mundo-munk-knn-weight-0.660	20	50	0.11792247630832711	0.005799609854853507
mouse	rat	500	molecular_function	aupr	mundo-munk-knn-weight-0.660	20	100	0.1518821487851382	0.004746278488703106
mouse	rat	500	molecular_function	auc	dsd-knn	0	-1	0.0	0.0
mouse	rat	500	molecular_function	auc	mundo-munk-knn-weight-0.660	0	10	0.38529753970609326	0.011409191594470342
mouse	rat	500	molecular_function	auc	mundo-munk-knn-weight-0.660	0	20	0.5043051718782215	0.0035641505226813625
mouse	rat	500	molecular_function	auc	mundo-munk-knn-weight-0.660	0	30	0.5568356590017827	0.0043971690823760515
mouse	rat	500	molecular_function	auc	mundo-munk-knn-weight-0.660	0	40	0.580519368892011	0.004579057815175459
mouse	rat	500	molecular_function	auc	mundo-munk-knn-weight-0.660	0	50	0.6220787804251496	0.004182994770455099
mouse	rat	500	molecular_function	auc	mundo-munk-knn-weight-0.660	0	100	0.7238215058099398	0.005929456791443856
mouse	rat	500	molecular_function	auc	dsd-knn	10	-1	0.5350665949981346	0.0025605474660623153
mouse	rat	500	molecular_function	auc	mundo-munk-knn-weight-0.660	10	10	0.5563319747931608	0.002521280125026957
mouse	rat	500	molecular_function	auc	mundo-munk-knn-weight-0.660	10	20	0.5737792484916218	0.002583897792515359
mouse	rat	500	molecular_function	auc	mundo-munk-knn-weight-0.660	10	30	0.5907493816141124	0.003212050526389899
mouse	rat	500	molecular_function	auc	mundo-munk-knn-weight-0.660	10	40	0.6098628746019068	0.005013012022180354
mouse	rat	500	molecular_function	auc	mundo-munk-knn-weight-0.660	10	50	0.6432389659622634	0.003147094914169002
mouse	rat	500	molecular_function	auc	mundo-munk-knn-weight-0.660	10	100	0.7294698045191026	0.004238081778460446
mouse	rat	500	molecular_function	auc	dsd-knn	20	-1	0.5890605962334037	0.0032150453064825548
mouse	rat	500	molecular_function	auc	mundo-munk-knn-weight-0.660	20	10	0.5976730689042462	0.002901522300356445
mouse	rat	500	molecular_function	auc	mundo-munk-knn-weight-0.660	20	20	0.6063698550218619	0.0037682963855419985
mouse	rat	500	molecular_function	auc	mundo-munk-knn-weight-0.660	20	30	0.6179241406627891	0.004591929050936945
mouse	rat	500	molecular_function	auc	mundo-munk-knn-weight-0.660	20	40	0.6327034303347597	0.00594996611160377
mouse	rat	500	molecular_function	auc	mundo-munk-knn-weight-0.660	20	50	0.660432554485507	0.005249932381797644
mouse	rat	500	molecular_function	auc	mundo-munk-knn-weight-0.660	20	100	0.73477766655151	0.00506958409383435
mouse	rat	500	molecular_function	f1max	dsd-knn	0	-1	0.0	0.0
mouse	rat	500	molecular_function	f1max	mundo-munk-knn-weight-0.660	0	10	0.035287595804063196	0.0013621719547771713
mouse	rat	500	molecular_function	f1max	mundo-munk-knn-weight-0.660	0	20	0.056020162819324926	0.003810709084724418
mouse	rat	500	molecular_function	f1max	mundo-munk-knn-weight-0.660	0	30	0.0806340869980582	0.005057654786491683
mouse	rat	500	molecular_function	f1max	mundo-munk-knn-weight-0.660	0	40	0.1082593986537516	0.007279244273217272
mouse	rat	500	molecular_function	f1max	mundo-munk-knn-weight-0.660	0	50	0.15252704138632706	0.00808996749844774
mouse	rat	500	molecular_function	f1max	mundo-munk-knn-weight-0.660	0	100	0.21980148840431446	0.006321081967986263
mouse	rat	500	molecular_function	f1max	dsd-knn	10	-1	0.08122258856635828	0.004904249989115076
mouse	rat	500	molecular_function	f1max	mundo-munk-knn-weight-0.660	10	10	0.09499572777776982	0.004800576087599279
mouse	rat	500	molecular_function	f1max	mundo-munk-knn-weight-0.660	10	20	0.10624810806431284	0.005368573028889001
mouse	rat	500	molecular_function	f1max	mundo-munk-knn-weight-0.660	10	30	0.12158298003954796	0.005903167868654688
mouse	rat	500	molecular_function	f1max	mundo-munk-knn-weight-0.660	10	40	0.13721299518698243	0.00741537459618686
mouse	rat	500	molecular_function	f1max	mundo-munk-knn-weight-0.660	10	50	0.16862981416574224	0.006839889668120606
mouse	rat	500	molecular_function	f1max	mundo-munk-knn-weight-0.660	10	100	0.22436483176903219	0.005871790976084471
mouse	rat	500	molecular_function	f1max	dsd-knn	20	-1	0.11889806770139384	0.004366589645128131
mouse	rat	500	molecular_function	f1max	mundo-munk-knn-weight-0.660	20	10	0.1278201183975308	0.003962375064462135
mouse	rat	500	molecular_function	f1max	mundo-munk-knn-weight-0.660	20	20	0.1352401927832098	0.005697317124358109
mouse	rat	500	molecular_function	f1max	mundo-munk-knn-weight-0.660	20	30	0.14692157137639178	0.005011460796109629
mouse	rat	500	molecular_function	f1max	mundo-munk-knn-weight-0.660	20	40	0.1587586633106303	0.007155179138306725
mouse	rat	500	molecular_function	f1max	mundo-munk-knn-weight-0.660	20	50	0.18294860273876443	0.006681810011124826
mouse	rat	500	molecular_function	f1max	mundo-munk-knn-weight-0.660	20	100	0.22918943276748668	0.005448697356034181
mouse	rat	500	biological_process	top-1-acc	dsd-knn	0	-1	0.0	0.0
mouse	rat	500	biological_process	top-1-acc	mundo-munk-knn-weight-0.660	0	10	0.01120946842428748	0.004038285094670979
mouse	rat	500	biological_process	top-1-acc	mundo-munk-knn-weight-0.660	0	20	0.014400575808492586	0.0038242391411731033
mouse	rat	500	biological_process	top-1-acc	mundo-munk-knn-weight-0.660	0	30	0.01816304427962236	0.0006485953203308533
mouse	rat	500	biological_process	top-1-acc	mundo-munk-knn-weight-0.660	0	40	0.022517660255534432	0.006169706539764318
mouse	rat	500	biological_process	top-1-acc	mundo-munk-knn-weight-0.660	0	50	0.030928222748543087	0.006947047546309502
mouse	rat	500	biological_process	top-1-acc	mundo-munk-knn-weight-0.660	0	100	0.04897454660212212	0.0058324218328858635
mouse	rat	500	biological_process	top-1-acc	dsd-knn	10	-1	0.030357646576136287	0.0032198176705893807
mouse	rat	500	biological_process	top-1-acc	mundo-munk-knn-weight-0.660	10	10	0.03455639326483504	0.004307402047636844
mouse	rat	500	biological_process	top-1-acc	mundo-munk-knn-weight-0.660	10	20	0.03703555596540907	0.00474347621245341
mouse	rat	500	biological_process	top-1-acc	mundo-munk-knn-weight-0.660	10	30	0.039666158402188914	0.004742386219483052
mouse	rat	500	biological_process	top-1-acc	mundo-munk-knn-weight-0.660	10	40	0.0407202240032973	0.004058201021959359
mouse	rat	500	biological_process	top-1-acc	mundo-munk-knn-weight-0.660	10	50	0.049733103021547063	0.004655300891690168
mouse	rat	500	biological_process	top-1-acc	mundo-munk-knn-weight-0.660	10	100	0.059853896167575485	0.005485276124802336
mouse	rat	500	biological_process	top-1-acc	dsd-knn	20	-1	0.05679805682051744	0.0054494364025948466
mouse	rat	500	biological_process	top-1-acc	mundo-munk-knn-weight-0.660	20	10	0.05782545585908135	0.0065047470837233685
mouse	rat	500	biological_process	top-1-acc	mundo-munk-knn-weight-0.660	20	20	0.05979422491851506	0.005829903412213016
mouse	rat	500	biological_process	top-1-acc	mundo-munk-knn-weight-0.660	20	30	0.06030881485153165	0.006920076946137045
mouse	rat	500	biological_process	top-1-acc	mundo-munk-knn-weight-0.660	20	40	0.060112962905311616	0.007400902971130512
mouse	rat	500	biological_process	top-1-acc	mundo-munk-knn-weight-0.660	20	50	0.06579898187146387	0.006898141324701573
mouse	rat	500	biological_process	top-1-acc	mundo-munk-knn-weight-0.660	20	100	0.07202291600762903	0.008669516072075448
mouse	rat	500	biological_process	aupr	dsd-knn	0	-1	0.0	0.0
mouse	rat	500	biological_process	aupr	mundo-munk-knn-weight-0.660	0	10	0.004063112740047026	0.0004775253819223757
mouse	rat	500	biological_process	aupr	mundo-munk-knn-weight-0.660	0	20	0.00572696571292454	0.000729076218616913
mouse	rat	500	biological_process	aupr	mundo-munk-knn-weight-0.660	0	30	0.006671911721817897	0.0007147901606484788
mouse	rat	500	biological_process	aupr	mundo-munk-knn-weight-0.660	0	40	0.008178827129632764	0.001306669633326496
mouse	rat	500	biological_process	aupr	mundo-munk-knn-weight-0.660	0	50	0.010823321425285571	0.0012983839958783413
mouse	rat	500	biological_process	aupr	mundo-munk-knn-weight-0.660	0	100	0.0246674463909806	0.0012214386001958857
mouse	rat	500	biological_process	aupr	dsd-knn	10	-1	0.01291678385535527	0.0010483939091665596
mouse	rat	500	biological_process	aupr	mundo-munk-knn-weight-0.660	10	10	0.01419729742012893	0.0007649728399912079
mouse	rat	500	biological_process	aupr	mundo-munk-knn-weight-0.660	10	20	0.015236621726855238	0.0005716523493480037
mouse	rat	500	biological_process	aupr	mundo-munk-knn-weight-0.660	10	30	0.015936718907600688	0.0005507172537148236
mouse	rat	500	biological_process	aupr	mundo-munk-knn-weight-0.660	10	40	0.01705746894865936	0.0005808206355364209
mouse	rat	500	biological_process	aupr	mundo-munk-knn-weight-0.660	10	50	0.019307748059251773	0.0006767930798912163
mouse	rat	500	biological_process	aupr	mundo-munk-knn-weight-0.660	10	100	0.029820234278744286	0.0013553012181726726
mouse	rat	500	biological_process	aupr	dsd-knn	20	-1	0.02199263178711925	0.001461100477354332
mouse	rat	500	biological_process	aupr	mundo-munk-knn-weight-0.660	20	10	0.022526981606844722	0.0014337589243070363
mouse	rat	500	biological_process	aupr	mundo-munk-knn-weight-0.660	20	20	0.023326147441293694	0.0011329766491390517
mouse	rat	500	biological_process	aupr	mundo-munk-knn-weight-0.660	20	30	0.024260464310704978	0.0011511661059366587
mouse	rat	500	biological_process	aupr	mundo-munk-knn-weight-0.660	20	40	0.025415659317258345	0.0008848090161668524
mouse	rat	500	biological_process	aupr	mundo-munk-knn-weight-0.660	20	50	0.027170854363599173	0.0008002716815602799
mouse	rat	500	biological_process	aupr	mundo-munk-knn-weight-0.660	20	100	0.034822396266818864	0.0014626582138494262
mouse	rat	500	biological_process	auc	dsd-knn	0	-1	0.0	0.0
mouse	rat	500	biological_process	auc	mundo-munk-knn-weight-0.660	0	10	0.4082527067098226	0.006387474916834724
mouse	rat	500	biological_process	auc	mundo-munk-knn-weight-0.660	0	20	0.5133083188090097	0.0009390442224721288
mouse	rat	500	biological_process	auc	mundo-munk-knn-weight-0.660	0	30	0.5226371606990872	0.0015850498895490057
mouse	rat	500	biological_process	auc	mundo-munk-knn-weight-0.660	0	40	0.5359592089210233	0.0012217140493072012
mouse	rat	500	biological_process	auc	mundo-munk-knn-weight-0.660	0	50	0.5612768356852149	0.0012272243717721554
mouse	rat	500	biological_process	auc	mundo-munk-knn-weight-0.660	0	100	0.6287209925041027	0.0018206872849350676
mouse	rat	500	biological_process	auc	dsd-knn	10	-1	0.524811464698522	0.0031207622373835516
mouse	rat	500	biological_process	auc	mundo-munk-knn-weight-0.660	10	10	0.531497417337584	0.001887166143819267
mouse	rat	500	biological_process	auc	mundo-munk-knn-weight-0.660	10	20	0.5371681893370673	0.0020876655344716924
mouse	rat	500	biological_process	auc	mundo-munk-knn-weight-0.660	10	30	0.5444858445145456	0.003006189313463106
mouse	rat	500	biological_process	auc	mundo-munk-knn-weight-0.660	10	40	0.5552953292747517	0.001959108123299763
mouse	rat	500	biological_process	auc	mundo-munk-knn-weight-0.660	10	50	0.5761445009041574	0.0026605351575953893
mouse	rat	500	biological_process	auc	mundo-munk-knn-weight-0.660	10	100	0.6338824179677787	0.0026942037141991374
mouse	rat	500	biological_process	auc	dsd-knn	20	-1	0.5466779056864429	0.0022621793175961694
mouse	rat	500	biological_process	auc	mundo-munk-knn-weight-0.660	20	10	0.5509866035175575	0.001981921960904007
mouse	rat	500	biological_process	auc	mundo-munk-knn-weight-0.660	20	20	0.5552401193536939	0.002224346110145375
mouse	rat	500	biological_process	auc	mundo-munk-knn-weight-0.660	20	30	0.5612225069205354	0.002772801424425424
mouse	rat	500	biological_process	auc	mundo-munk-knn-weight-0.660	20	40	0.5703182131231666	0.001689756458533503
mouse	rat	500	biological_process	auc	mundo-munk-knn-weight-0.660	20	50	0.5885654636958423	0.0029115942265604037
mouse	rat	500	biological_process	auc	mundo-munk-knn-weight-0.660	20	100	0.6388253079013981	0.003222248941463828
mouse	rat	500	biological_process	f1max	dsd-knn	0	-1	0.0	0.0
mouse	rat	500	biological_process	f1max	mundo-munk-knn-weight-0.660	0	10	0.011557533438419226	0.0006776530604110852
mouse	rat	500	biological_process	f1max	mundo-munk-knn-weight-0.660	0	20	0.017900241204329904	0.001197423024134491
mouse	rat	500	biological_process	f1max	mundo-munk-knn-weight-0.660	0	30	0.022410576220316065	0.001387260245602807
mouse	rat	500	biological_process	f1max	mundo-munk-knn-weight-0.660	0	40	0.028267064130208137	0.0016064557053377805
mouse	rat	500	biological_process	f1max	mundo-munk-knn-weight-0.660	0	50	0.03745134695682334	0.0021883581474053753
mouse	rat	500	biological_process	f1max	mundo-munk-knn-weight-0.660	0	100	0.07154471196592505	0.0019731416096901012
mouse	rat	500	biological_process	f1max	dsd-knn	10	-1	0.03538276770648739	0.0011065039724783266
mouse	rat	500	biological_process	f1max	mundo-munk-knn-weight-0.660	10	10	0.03886482411224295	0.0009112571852039496
mouse	rat	500	biological_process	f1max	mundo-munk-knn-weight-0.660	10	20	0.04210510000020683	0.0005553375092027319
mouse	rat	500	biological_process	f1max	mundo-munk-knn-weight-0.660	10	30	0.04487045446842446	0.0006073278289615192
mouse	rat	500	biological_process	f1max	mundo-munk-knn-weight-0.660	10	40	0.048515568175160985	0.0003373296412058802
mouse	rat	500	biological_process	f1max	mundo-munk-knn-weight-0.660	10	50	0.05473099989722341	0.0007254707730722917
mouse	rat	500	biological_process	f1max	mundo-munk-knn-weight-0.660	10	100	0.07988589963597086	0.002204952683124572
mouse	rat	500	biological_process	f1max	dsd-knn	20	-1	0.05340152248404569	0.001887342424881541
mouse	rat	500	biological_process	f1max	mundo-munk-knn-weight-0.660	20	10	0.05505655036832654	0.0014281203072695127
mouse	rat	500	biological_process	f1max	mundo-munk-knn-weight-0.660	20	20	0.057320866809697765	0.0009372063121838434
mouse	rat	500	biological_process	f1max	mundo-munk-knn-weight-0.660	20	30	0.05987436273627335	0.0010811645438688288
mouse	rat	500	biological_process	f1max	mundo-munk-knn-weight-0.660	20	40	0.06292928263932673	0.0009074780492437733
mouse	rat	500	biological_process	f1max	mundo-munk-knn-weight-0.660	20	50	0.0677434549487271	0.0011726927396971329
mouse	rat	500	biological_process	f1max	mundo-munk-knn-weight-0.660	20	100	0.0871095869968205	0.0023583496960006296
mouse	rat	500	cellular_component	top-1-acc	dsd-knn	0	-1	0.0	0.0
mouse	rat	500	cellular_component	top-1-acc	mundo-munk-knn-weight-0.660	0	10	0.1252310335385421	0.005964423235378672
mouse	rat	500	cellular_component	top-1-acc	mundo-munk-knn-weight-0.660	0	20	0.16425851220025908	0.008651935496952753
mouse	rat	500	cellular_component	top-1-acc	mundo-munk-knn-weight-0.660	0	30	0.18611105884680898	0.009101624564234105
mouse	rat	500	cellular_component	top-1-acc	mundo-munk-knn-weight-0.660	0	40	0.23486378384471035	0.009600168138077353
mouse	rat	500	cellular_component	top-1-acc	mundo-munk-knn-weight-0.660	0	50	0.43677947327784833	0.01509846116881963
mouse	rat	500	cellular_component	top-1-acc	mundo-munk-knn-weight-0.660	0	100	0.5364312811104411	0.010219573844940119
mouse	rat	500	cellular_component	top-1-acc	dsd-knn	10	-1	0.37735777608182597	0.010831511714186953
mouse	rat	500	cellular_component	top-1-acc	mundo-munk-knn-weight-0.660	10	10	0.38756222838978155	0.011962034986106629
mouse	rat	500	cellular_component	top-1-acc	mundo-munk-knn-weight-0.660	10	20	0.3971880896295098	0.011429556056842876
mouse	rat	500	cellular_component	top-1-acc	mundo-munk-knn-weight-0.660	10	30	0.4098683922391527	0.009367580845389446
mouse	rat	500	cellular_component	top-1-acc	mundo-munk-knn-weight-0.660	10	40	0.4653406325358061	0.009056059673648507
mouse	rat	500	cellular_component	top-1-acc	mundo-munk-knn-weight-0.660	10	50	0.5222963507150558	0.01031335104782415
mouse	rat	500	cellular_component	top-1-acc	mundo-munk-knn-weight-0.660	10	100	0.5491278686536134	0.014774066320990032
mouse	rat	500	cellular_component	top-1-acc	dsd-knn	20	-1	0.49254240055995935	0.01134614979431205
mouse	rat	500	cellular_component	top-1-acc	mundo-munk-knn-weight-0.660	20	10	0.4949985788460163	0.013098608868259046
mouse	rat	500	cellular_component	top-1-acc	mundo-munk-knn-weight-0.660	20	20	0.49685378284124315	0.01393187610280705
mouse	rat	500	cellular_component	top-1-acc	mundo-munk-knn-weight-0.660	20	30	0.5024304331341585	0.010710855777128254
mouse	rat	500	cellular_component	top-1-acc	mundo-munk-knn-weight-0.660	20	40	0.5219699902763676	0.009127415491515387
mouse	rat	500	cellular_component	top-1-acc	mundo-munk-knn-weight-0.660	20	50	0.5478923237738875	0.015346191238098947
mouse	rat	500	cellular_component	top-1-acc	mundo-munk-knn-weight-0.660	20	100	0.5575627437023185	0.012319163559906117
mouse	rat	500	cellular_component	aupr	dsd-knn	0	-1	0.0	0.0
mouse	rat	500	cellular_component	aupr	mundo-munk-knn-weight-0.660	0	10	0.09822714266895007	0.0033149508880303226
mouse	rat	500	cellular_component	aupr	mundo-munk-knn-weight-0.660	0	20	0.14402667984532755	0.0050282792679494474
mouse	rat	500	cellular_component	aupr	mundo-munk-knn-weight-0.660	0	30	0.1725480190361513	0.004367751631670269
mouse	rat	500	cellular_component	aupr	mundo-munk-knn-weight-0.660	0	40	0.2475638958606093	0.008342837450687006
mouse	rat	500	cellular_component	aupr	mundo-munk-knn-weight-0.660	0	50	0.3616688151414374	0.011885017734670128
mouse	rat	500	cellular_component	aupr	mundo-munk-knn-weight-0.660	0	100	0.42754523234876907	0.011587932160600828
mouse	rat	500	cellular_component	aupr	dsd-knn	10	-1	0.2988583622160653	0.00943704089991779
mouse	rat	500	cellular_component	aupr	mundo-munk-knn-weight-0.660	10	10	0.3186684410430086	0.009559918340336558
mouse	rat	500	cellular_component	aupr	mundo-munk-knn-weight-0.660	10	20	0.331405834053342	0.01012566500655505
mouse	rat	500	cellular_component	aupr	mundo-munk-knn-weight-0.660	10	30	0.34225100877166514	0.008980572768178447
mouse	rat	500	cellular_component	aupr	mundo-munk-knn-weight-0.660	10	40	0.37697512324240556	0.008339262534236417
mouse	rat	500	cellular_component	aupr	mundo-munk-knn-weight-0.660	10	50	0.41147553762740563	0.00995437789449031
mouse	rat	500	cellular_component	aupr	mundo-munk-knn-weight-0.660	10	100	0.44001921093983026	0.011321083428354702
mouse	rat	500	cellular_component	aupr	dsd-knn	20	-1	0.38312821837130145	0.011128791774393852
mouse	rat	500	cellular_component	aupr	mundo-munk-knn-weight-0.660	20	10	0.3930371357689911	0.009864899073343663
mouse	rat	500	cellular_component	aupr	mundo-munk-knn-weight-0.660	20	20	0.39783810267501146	0.01051080963401449
mouse	rat	500	cellular_component	aupr	mundo-munk-knn-weight-0.660	20	30	0.4032172257515005	0.009652216471803862
mouse	rat	500	cellular_component	aupr	mundo-munk-knn-weight-0.660	20	40	0.41458350273030764	0.009620541915250306
mouse	rat	500	cellular_component	aupr	mundo-munk-knn-weight-0.660	20	50	0.4316545917052411	0.011433101519742406
mouse	rat	500	cellular_component	aupr	mundo-munk-knn-weight-0.660	20	100	0.44759413098831446	0.010019383869744504
mouse	rat	500	cellular_component	auc	dsd-knn	0	-1	0.0	0.0
mouse	rat	500	cellular_component	auc	mundo-munk-knn-weight-0.660	0	10	0.4874056133098666	0.012024218277380583
mouse	rat	500	cellular_component	auc	mundo-munk-knn-weight-0.660	0	20	0.6491970604249124	0.006396583100630729
mouse	rat	500	cellular_component	auc	mundo-munk-knn-weight-0.660	0	30	0.6946322471887176	0.005261325458940041
mouse	rat	500	cellular_component	auc	mundo-munk-knn-weight-0.660	0	40	0.7754426151435627	0.004587534735790231
mouse	rat	500	cellular_component	auc	mundo-munk-knn-weight-0.660	0	50	0.8141986098016339	0.005345815434418259
mouse	rat	500	cellular_component	auc	mundo-munk-knn-weight-0.660	0	100	0.8535787791322083	0.005426885954581265
mouse	rat	500	cellular_component	auc	dsd-knn	10	-1	0.7048565177150048	0.0053353811737239815
mouse	rat	500	cellular_component	auc	mundo-munk-knn-weight-0.660	10	10	0.7425180440924576	0.0045481721673247795
mouse	rat	500	cellular_component	auc	mundo-munk-knn-weight-0.660	10	20	0.7645925777062691	0.004620717702882483
mouse	rat	500	cellular_component	auc	mundo-munk-knn-weight-0.660	10	30	0.7833168068881923	0.004191889963291316
mouse	rat	500	cellular_component	auc	mundo-munk-knn-weight-0.660	10	40	0.8041422040134899	0.0027521727369086103
mouse	rat	500	cellular_component	auc	mundo-munk-knn-weight-0.660	10	50	0.8305231520634366	0.004439510585081609
mouse	rat	500	cellular_component	auc	mundo-munk-knn-weight-0.660	10	100	0.8642307171830135	0.004406450655501914
mouse	rat	500	cellular_component	auc	dsd-knn	20	-1	0.7623744079481914	0.006348259842815018
mouse	rat	500	cellular_component	auc	mundo-munk-knn-weight-0.660	20	10	0.7837826520905051	0.0038087752491295247
mouse	rat	500	cellular_component	auc	mundo-munk-knn-weight-0.660	20	20	0.7953712186709786	0.0041766275552256454
mouse	rat	500	cellular_component	auc	mundo-munk-knn-weight-0.660	20	30	0.8075427231627936	0.003528508728433801
mouse	rat	500	cellular_component	auc	mundo-munk-knn-weight-0.660	20	40	0.8189186074635009	0.003351274074629323
mouse	rat	500	cellular_component	auc	mundo-munk-knn-weight-0.660	20	50	0.8393934304814257	0.004111215212339427
mouse	rat	500	cellular_component	auc	mundo-munk-knn-weight-0.660	20	100	0.8691247410537958	0.0036235958129802294
mouse	rat	500	cellular_component	f1max	dsd-knn	0	-1	0.0	0.0
mouse	rat	500	cellular_component	f1max	mundo-munk-knn-weight-0.660	0	10	0.14877751795700753	0.004357355334957741
mouse	rat	500	cellular_component	f1max	mundo-munk-knn-weight-0.660	0	20	0.2168992725932562	0.004507175887175498
mouse	rat	500	cellular_component	f1max	mundo-munk-knn-weight-0.660	0	30	0.2573020384909583	0.005181680925594565
mouse	rat	500	cellular_component	f1max	mundo-munk-knn-weight-0.660	0	40	0.35249378968084033	0.009591314447542505
mouse	rat	500	cellular_component	f1max	mundo-munk-knn-weight-0.660	0	50	0.45280503622373586	0.011803839845728576
mouse	rat	500	cellular_component	f1max	mundo-munk-knn-weight-0.660	0	100	0.5120672961043818	0.011783007029606727
mouse	rat	500	cellular_component	f1max	dsd-knn	10	-1	0.37768004458243576	0.010151477705105034
mouse	rat	500	cellular_component	f1max	mundo-munk-knn-weight-0.660	10	10	0.4067579600411661	0.009742246664996458
mouse	rat	500	cellular_component	f1max	mundo-munk-knn-weight-0.660	10	20	0.4228903994468708	0.010014228335659629
mouse	rat	500	cellular_component	f1max	mundo-munk-knn-weight-0.660	10	30	0.43483820628000547	0.008584273789081926
mouse	rat	500	cellular_component	f1max	mundo-munk-knn-weight-0.660	10	40	0.46654596784740343	0.009377139695388458
mouse	rat	500	cellular_component	f1max	mundo-munk-knn-weight-0.660	10	50	0.4968757811227899	0.011115845385207055
mouse	rat	500	cellular_component	f1max	mundo-munk-knn-weight-0.660	10	100	0.5256719627418855	0.010961927774904087
mouse	rat	500	cellular_component	f1max	dsd-knn	20	-1	0.4661287183692651	0.01172938431194032
mouse	rat	500	cellular_component	f1max	mundo-munk-knn-weight-0.660	20	10	0.47945401795951464	0.010132465240080423
mouse	rat	500	cellular_component	f1max	mundo-munk-knn-weight-0.660	20	20	0.48553404473827805	0.011029566080832899
mouse	rat	500	cellular_component	f1max	mundo-munk-knn-weight-0.660	20	30	0.49099884998702875	0.010175780021701117
mouse	rat	500	cellular_component	f1max	mundo-munk-knn-weight-0.660	20	40	0.500223003553093	0.01032390683858223
mouse	rat	500	cellular_component	f1max	mundo-munk-knn-weight-0.660	20	50	0.5156264422529194	0.011511312023207728
mouse	rat	500	cellular_component	f1max	mundo-munk-knn-weight-0.660	20	100	0.5327797418606977	0.010076787989156467
